request_id,amount_safe_to_pay,affordability_status,recommended_payment_method,payment_plan,earliest_date_for_full_payment,spending_changes_needed,decision_explanation
request_26,15656000.0,affordable_now,full_payment,2025-08-03:15656000,2025-08-03,none,"Pay IDR 15,656,000 today. This leaves at least IDR 24,768,300 available over the next 90 days."
request_27,6670.0,affordable_now,full_payment,2026-07-05:6670,2026-07-05,none,"Pay ZAR 6,670 today. This leaves at least ZAR 20,500 available over the next 90 days."
request_28,357.74,affordable_later,wait,2024-06-15:1302.40,2024-06-15,none,"Pay EUR 1,302.40 in full on 15 June 2024. Paying earlier would take the balance below the EUR 1,100.00 minimum."
request_29,15023.929999999993,not_affordable,not_recommended,none,,none,"Do not proceed with the ZAR 51,524 request. Although ZAR 15,023.93 is available today, the full amount cannot be completed safely within 90 days."
request_30,775.2,affordable_with_plan,installments,2026-04-06:268.74|2026-05-06:268.74|2026-06-05:268.74,2026-04-06,none,"Use 3 installments of USD 268.74, starting 6 April 2026. This leaves at least USD 900.00 available."
request_31,2871633.6133333333,affordable_later,wait,2024-11-15:18164000,2024-11-15,none,"Pay IDR 18,164,000 in full on 15 November 2024. Paying earlier would take the balance below the IDR 16,588,900 minimum."
request_32,13271.576666666668,not_affordable,not_recommended,none,,none,"Do not proceed with the ZAR 40,018 request. Although ZAR 13,271.58 is available today, the full amount cannot be completed safely within 90 days."
request_33,48576.07666666666,affordable_later,wait,2026-02-15:118000,2026-02-15,none,"Pay INR 118,000 in full on 15 February 2026. Paying earlier would take the balance below the INR 102,100 minimum."
request_34,129400.0,affordable_now,full_payment,2024-12-04:129400,2024-12-04,none,"Pay INR 129,400 today. This leaves at least INR 138,500 available over the next 90 days."
request_35,24390.24333333336,affordable_later,wait,2026-01-15:212000,2026-01-15,none,"Pay INR 212,000 in full on 15 January 2026. Paying earlier would take the balance below the INR 106,400 minimum."
request_36,765.563333333333,affordable_later,wait,2026-09-15:3954.00,2026-09-15,none,"Pay USD 3,954.00 in full on 15 September 2026. Paying earlier would take the balance below the USD 2,400.00 minimum."
request_37,5775036.616666667,affordable_later,wait,2024-05-15:14649000,2024-05-15,none,"Pay IDR 14,649,000 in full on 15 May 2024. Paying earlier would take the balance below the IDR 17,056,200 minimum."
request_38,210.46000000000004,affordable_later,wait,2025-09-15:971.30,2025-09-15,none,Pay EUR 971.30 in full on 15 September 2025. Paying earlier would take the balance below the EUR 400.00 minimum.
request_39,73017.23999999993,affordable_later,wait,2026-05-15:208600,2026-05-15,none,"Pay INR 208,600 in full on 15 May 2026. Paying earlier would take the balance below the INR 213,400 minimum."
request_40,354.37666666666655,affordable_later,wait,2024-08-15:1290.30,2024-08-15,none,"Pay EUR 1,290.30 in full on 15 August 2024. Paying earlier would take the balance below the EUR 1,500.00 minimum."
request_41,9158639.829999998,affordable_later,wait,2026-01-15:38760000,2026-01-15,none,"Pay IDR 38,760,000 in full on 15 January 2026. Paying earlier would take the balance below the IDR 25,366,600 minimum."
request_42,52100.0,affordable_now,full_payment,2026-01-05:52100,2026-01-05,none,"Pay INR 52,100 today. This leaves at least INR 113,100 available over the next 90 days."
request_43,8445327.229999997,affordable_later,wait,2024-11-15:43339000,2024-11-15,none,"Pay IDR 43,339,000 in full on 15 November 2024. Paying earlier would take the balance below the IDR 21,398,000 minimum."
request_44,29786.463333333348,not_affordable,not_recommended,none,,none,"Do not proceed with the INR 95,800 request. Although INR 29,786.46 is available today, the full amount cannot be completed safely within 90 days."
request_45,4571980.426666668,affordable_later,wait,2026-09-15:21983000,2026-09-15,none,"Pay IDR 21,983,000 in full on 15 September 2026. Paying earlier would take the balance below the IDR 11,149,800 minimum."
request_46,45649.0,affordable_with_plan,partial_payment,2024-12-03:45649|2024-12-15:3801,2024-12-15,none,"Pay INR 45,649 today and the remaining INR 3,801 on 15 December 2024. This completes the full request and keeps the INR 84,000 minimum protected."
request_47,38114000.0,affordable_now,full_payment,2025-05-05:38114000,2025-05-05,none,"Pay IDR 38,114,000 today. This leaves at least IDR 30,049,000 available over the next 90 days."
request_48,45700.0,affordable_now,full_payment,2026-07-25:45700,2026-07-25,none,"Pay INR 45,700 today. This leaves at least INR 71,300 available over the next 90 days."
request_49,12450739.48,not_affordable,not_recommended,none,2024-05-15,none,"Do not proceed with the IDR 34,333,000 request. Although IDR 12,450,739.48 is available today, the full amount cannot be completed safely within 90 days."
request_50,43900.0,affordable_now,full_payment,2025-08-06:43900,2025-08-06,none,"Pay INR 43,900 today. This leaves at least INR 99,700 available over the next 90 days."
request_51,2191000.0,affordable_now,full_payment,2026-01-03:2191000,2026-01-03,none,"Pay IDR 2,191,000 today. This leaves at least IDR 7,811,000 available over the next 90 days."
request_52,19064.39333333334,affordable_later,wait,2024-06-15:28870,2024-06-15,none,"Pay INR 28,870 in full on 15 June 2024. Paying earlier would take the balance below the INR 41,500 minimum."
request_53,489.40666666666675,affordable_with_plan,installments,2025-11-21:589.06|2025-12-19:589.06|2026-01-16:589.06,2026-01-15,none,"Use 3 installments of USD 589.06, starting 21 November 2025. This leaves at least USD 2,100.00 available."
request_54,5084.880000000005,not_affordable,not_recommended,none,,none,"Do not proceed with the ZAR 121,528 request. Although ZAR 5,084.88 is available today, the full amount cannot be completed safely within 90 days."
request_55,134481.6866666667,affordable_with_plan,installments,2026-06-11:75781.33|2026-07-12:75781.33|2026-08-12:75781.33,2026-07-15,none,"Use 3 installments of INR 75,781.33, starting 11 June 2026. This leaves at least INR 124,300 available."
request_56,748.88,affordable_with_plan,partial_payment,2025-02-03:748.88|2025-02-15:132.68,2025-02-15,none,"Pay USD 748.88 today and the remaining USD 132.68 on 15 February 2025. This completes the full request and keeps the USD 2,100.00 minimum protected."
request_57,14474.91333333333,affordable_later,wait,2026-05-15:61446,2026-05-15,none,"Pay ZAR 61,446 in full on 15 May 2026. Paying earlier would take the balance below the ZAR 42,700 minimum."
request_58,0.0,not_affordable,not_recommended,none,,none,"Do not make this payment by 25 January 2025. None of the available options keeps the IDR 14,433,900 minimum protected."
request_59,140600.0,affordable_with_plan,installments,2025-05-07:48741.33|2025-06-04:48741.33|2025-07-02:48741.33,2025-05-04,none,"Use 3 installments of INR 48,741.33, starting 7 May 2025. This leaves at least INR 132,600 available."
request_60,155.37666666666678,affordable_later,wait,2026-01-15:199.89,2026-01-15,none,Pay USD 199.89 in full on 15 January 2026. Paying earlier would take the balance below the USD 400.00 minimum.
request_61,29062.0,affordable_with_plan,installments,2024-03-17:10074.83|2024-04-17:10074.83|2024-05-18:10074.83,2024-03-03,none,"Use 3 installments of ZAR 10,074.83, starting 17 March 2024. This leaves at least ZAR 36,700 available."
request_62,404.23,affordable_now,full_payment,2025-08-05:404.23,2025-08-05,none,"Pay USD 404.23 today. This leaves at least USD 1,300.00 available over the next 90 days."
request_63,52980.90000000002,not_affordable,not_recommended,none,,none,"Do not proceed with the INR 343,900 request. Although INR 52,980.90 is available today, the full amount cannot be completed safely within 90 days."
request_64,0.0,not_affordable,not_recommended,none,,none,"Do not make this payment by 16 August 2024. None of the available options keeps the INR 36,100 minimum protected."
request_65,7231.0999999999985,not_affordable,not_recommended,none,,none,"Do not proceed with the ZAR 54,340 request. Although ZAR 7,231.10 is available today, the full amount cannot be completed safely within 90 days."
request_66,22200.0,affordable_now,full_payment,2026-04-03:22200,2026-04-03,none,"Pay INR 22,200 today. This leaves at least INR 80,700 available over the next 90 days."
request_67,314.7966666666666,affordable_later,wait,2024-11-15:2094.00,2024-11-15,none,"Pay USD 2,094.00 in full on 15 November 2024. Paying earlier would take the balance below the USD 1,200.00 minimum."
request_68,1611.706666666667,affordable_with_plan,installments,2025-02-14:725.09|2025-03-14:725.09|2025-04-11:725.09,2025-02-15,none,"Use 3 installments of USD 725.09, starting 14 February 2025. This leaves at least USD 1,500.00 available."
request_69,529.1,affordable_now,full_payment,2026-01-04:529.10,2026-01-04,none,Pay EUR 529.10 today. This leaves at least EUR 700.00 available over the next 90 days.
request_70,50161.630000000005,affordable_later,wait,2025-02-15:243900,2025-02-15,none,"Pay INR 243,900 in full on 15 February 2025. Paying earlier would take the balance below the INR 115,000 minimum."
request_71,1276930.5166666657,not_affordable,not_recommended,none,,none,"Do not proceed with the IDR 21,451,000 request. Although IDR 1,276,930.52 is available today, the full amount cannot be completed safely within 90 days."
request_72,11330.0,affordable_now,full_payment,2026-07-05:11330,2026-07-05,none,"Pay ZAR 11,330 today. This leaves at least ZAR 12,200 available over the next 90 days."
request_73,71400.0,affordable_now,full_payment,2023-01-20:71400,2023-01-20,none,"Pay INR 71,400 today. This leaves at least INR 103,200 available over the next 90 days."
request_74,5010.0,affordable_now,full_payment,2025-08-04:5010,2025-08-04,none,"Pay ZAR 5,010 today. This leaves at least ZAR 21,900 available over the next 90 days."
request_75,28270.0,affordable_with_plan,installments,2026-04-09:9800.27|2026-05-09:9800.27|2026-06-08:9800.27,2026-04-06,none,"Use 3 installments of ZAR 9,800.27, starting 9 April 2026. This leaves at least ZAR 39,000 available."
request_76,788.5200000000009,not_affordable,not_recommended,none,2024-08-15,none,"Do not proceed with the USD 4,455.60 request. Although USD 788.52 is available today, the full amount cannot be completed safely within 90 days."
request_77,60700.0,affordable_now,full_payment,2025-11-05:60700,2025-11-05,none,"Pay INR 60,700 today. This leaves at least INR 82,200 available over the next 90 days."
request_78,0.0,not_affordable,not_recommended,none,,none,"Do not make this payment by 14 October 2025. None of the available options keeps the INR 55,200 minimum protected."
request_79,403.3000000000002,not_affordable,not_recommended,none,,none,"Do not proceed with the EUR 2,151.60 request. Although EUR 403.30 is available today, the full amount cannot be completed safely within 90 days."
request_80,110943.00999999998,not_affordable,not_recommended,none,,none,"Do not proceed with the INR 217,500 request. Although INR 110,943.01 is available today, the full amount cannot be completed safely within 90 days."
request_81,2076.0,affordable_now,full_payment,2026-07-03:2076.00,2026-07-03,none,"Pay USD 2,076.00 today. This leaves at least USD 1,600.00 available over the next 90 days."
request_82,463.19666666666694,affordable_later,wait,2024-12-15:1405.20,2024-12-15,none,"Pay USD 1,405.20 in full on 15 December 2024. Paying earlier would take the balance below the USD 1,100.00 minimum."
request_83,11452.973333333328,not_affordable,not_recommended,none,,none,"Do not proceed with the INR 156,200 request. Although INR 11,452.97 is available today, the full amount cannot be completed safely within 90 days."
request_84,28534.37666666665,affordable_later,wait,2026-06-15:95400,2026-06-15,none,"Pay INR 95,400 in full on 15 June 2026. Paying earlier would take the balance below the INR 91,300 minimum."
request_85,409070.86000000034,not_affordable,not_recommended,none,,none,"Do not proceed with the IDR 19,304,000 request. Although IDR 409,070.86 is available today, the full amount cannot be completed safely within 90 days."
request_86,46300.0,affordable_now,full_payment,2025-08-03:46300,2025-08-03,none,"Pay INR 46,300 today. This leaves at least INR 84,900 available over the next 90 days."
request_87,37459.87666666665,not_affordable,not_recommended,none,,none,"Do not proceed with the INR 487,900 request. Although INR 37,459.88 is available today, the full amount cannot be completed safely within 90 days."
request_88,10746.683333333334,affordable_with_plan,installments,2024-06-14:9045.23|2024-07-15:9045.23|2024-08-15:9045.23,2024-06-15,none,"Use 3 installments of ZAR 9,045.23, starting 14 June 2024. This leaves at least ZAR 25,800 available."
request_89,9946384.64333333,not_affordable,not_recommended,none,2025-12-15,none,"Do not proceed with the IDR 13,756,000 request. Although IDR 9,946,384.64 is available today, the full amount cannot be completed safely within 90 days."
request_90,2560.0,affordable_now,full_payment,2026-07-06:2560,2026-07-06,none,"Pay ZAR 2,560 today. This leaves at least ZAR 7,600 available over the next 90 days."
request_91,644.1333333333332,affordable_later,wait,2024-11-15:1927.20,2024-11-15,none,"Pay EUR 1,927.20 in full on 15 November 2024. Paying earlier would take the balance below the EUR 2,100.00 minimum."
request_92,34034.0,affordable_now,full_payment,2025-02-05:34034,2025-02-05,none,"Pay ZAR 34,034 today. This leaves at least ZAR 28,100 available over the next 90 days."
request_93,1729.2,affordable_now,full_payment,2026-04-07:1729.20,2026-04-07,none,"Pay USD 1,729.20 today. This leaves at least USD 1,900.00 available over the next 90 days."
request_94,572.0,affordable_now,full_payment,2024-12-04:572.00,2024-12-04,none,Pay EUR 572.00 today. This leaves at least EUR 600.00 available over the next 90 days.
request_95,59653.476666666655,not_affordable,not_recommended,none,2025-06-15,none,"Do not proceed with the INR 553,000 request. Although INR 59,653.48 is available today, the full amount cannot be completed safely within 90 days."
request_96,73721.36666666667,affordable_with_plan,installments,2026-01-10:31269.33|2026-02-09:31269.33|2026-03-11:31269.33,2026-02-15,none,"Use 3 installments of INR 31,269.33, starting 10 January 2026. This leaves at least INR 56,500 available."
request_97,1493.8399999999965,affordable_with_plan,installments,2024-03-19:8145.28|2024-04-19:8145.28|2024-05-20:8145.28,2024-04-15,none,"Use 3 installments of ZAR 8,145.28, starting 19 March 2024. This leaves at least ZAR 29,700 available."
request_98,9305.140000000007,affordable_later,wait,2025-09-15:27148,2025-09-15,none,"Pay ZAR 27,148 in full on 15 September 2025. Paying earlier would take the balance below the ZAR 30,000 minimum."
request_99,18062.0,affordable_now,full_payment,2026-07-04:18062,2026-07-04,none,"Pay ZAR 18,062 today. This leaves at least ZAR 49,100 available over the next 90 days."
request_100,28863.40000000001,affordable_with_plan,installments,2024-06-13:12866.19|2024-07-14:12866.19|2024-08-14:12866.19,2024-06-15,none,"Use 3 installments of ZAR 12,866.19, starting 13 June 2024. This leaves at least ZAR 32,500 available."
request_101,143500.0,affordable_now,full_payment,2025-11-03:143500,2025-11-03,none,"Pay INR 143,500 today. This leaves at least INR 187,400 available over the next 90 days."
request_102,1716.0,affordable_with_plan,installments,2026-04-05:594.88|2026-05-05:594.88|2026-06-04:594.88,2026-04-05,none,"Use 3 installments of EUR 594.88, starting 5 April 2026. This leaves at least EUR 900.00 available."
request_103,3325.1966666666412,not_affordable,not_recommended,none,,none,"Do not proceed with the INR 368,300 request. Although INR 3,325.20 is available today, the full amount cannot be completed safely within 90 days."
request_104,17204.0,affordable_now,full_payment,2025-02-04:17204,2025-02-04,none,"Pay ZAR 17,204 today. This leaves at least ZAR 24,700 available over the next 90 days."
request_105,53500.0,affordable_now,full_payment,2026-06-08:53500,2026-06-08,none,"Pay INR 53,500 today. This leaves at least INR 73,900 available over the next 90 days."
request_106,452.71333333333314,affordable_later,wait,2025-02-15:2207.70,2025-02-15,none,"Pay EUR 2,207.70 in full on 15 February 2025. Paying earlier would take the balance below the EUR 1,200.00 minimum."
request_107,2374.653333333334,affordable_with_plan,installments,2025-05-08:878.59|2025-06-05:878.59|2025-07-03:878.59,2025-07-15,none,"Use 3 installments of EUR 878.59, starting 8 May 2025. This leaves at least EUR 1,600.00 available."
request_108,4111.6600000000035,not_affordable,not_recommended,none,2026-09-15,none,"Do not proceed with the ZAR 55,308 request. Although ZAR 4,111.66 is available today, the full amount cannot be completed safely within 90 days."
request_109,737.0100000000002,affordable_with_plan,installments,2024-03-18:645.98|2024-04-18:645.98|2024-05-19:645.98,2024-04-15,none,"Use 3 installments of EUR 645.98, starting 18 March 2024. This leaves at least EUR 1,700.00 available."
request_110,22352.0,affordable_with_plan,installments,2025-08-06:7748.69|2025-09-03:7748.69|2025-10-01:7748.69,2025-08-06,none,"Use 3 installments of ZAR 7,748.69, starting 6 August 2025. This leaves at least ZAR 11,200 available."
request_111,16625000.0,affordable_now,full_payment,2026-04-03:16625000,2026-04-03,none,"Pay IDR 16,625,000 today. This leaves at least IDR 23,022,800 available over the next 90 days."
request_112,271.7,affordable_now,full_payment,2024-06-05:271.70,2024-06-05,none,Pay EUR 271.70 today. This leaves at least EUR 500.00 available over the next 90 days.
request_113,34754.72333333334,affordable_later,wait,2026-09-15:36500,2026-09-15,none,"Pay INR 36,500 in full on 15 September 2026. Paying earlier would take the balance below the INR 82,300 minimum."
request_114,65300.0,affordable_now,full_payment,2026-01-04:65300,2026-01-04,none,"Pay INR 65,300 today. This leaves at least INR 113,400 available over the next 90 days."
request_115,14528.009999999995,affordable_later,wait,2024-11-15:80500,2024-11-15,none,"Pay INR 80,500 in full on 15 November 2024. Paying earlier would take the balance below the INR 38,800 minimum."
request_116,7150.639999999999,not_affordable,not_recommended,none,,none,"Do not proceed with the INR 241,200 request. Although INR 7,150.64 is available today, the full amount cannot be completed safely within 90 days."
request_117,880.0,affordable_now,full_payment,2026-07-05:880.00,2026-07-05,none,"Pay EUR 880.00 today. This leaves at least EUR 1,000.00 available over the next 90 days."
request_118,684.6766666666667,affordable_with_plan,installments,2024-12-07:255.87|2025-01-07:255.87|2025-02-07:255.87,2024-12-15,none,"Use 3 installments of EUR 255.87, starting 7 December 2024. This leaves at least EUR 600.00 available."
request_119,66719.51333333334,affordable_with_plan,installments,2025-05-18:70546.67|2025-06-15:70546.67|2025-07-13:70546.67,2025-06-15,none,"Use 3 installments of INR 70,546.67, starting 18 May 2025. This leaves at least INR 151,200 available."
request_120,7714000.0,affordable_now,full_payment,2026-04-06:7714000,2026-04-06,none,"Pay IDR 7,714,000 today. This leaves at least IDR 20,050,300 available over the next 90 days."
request_121,633.6,affordable_now,full_payment,2024-03-03:633.60,2024-03-03,none,Pay USD 633.60 today. This leaves at least USD 800.00 available over the next 90 days.
request_122,20558000.0,affordable_with_plan,installments,2025-08-05:7126773.33|2025-09-02:7126773.33|2025-09-30:7126773.33,2025-08-05,none,"Use 3 installments of IDR 7,126,773.33, starting 5 August 2025. This leaves at least IDR 12,588,500 available."
request_123,4076000.0,affordable_now,full_payment,2026-01-07:4076000,2026-01-07,none,"Pay IDR 4,076,000 today. This leaves at least IDR 18,091,200 available over the next 90 days."
request_124,1393.5300000000002,affordable_with_plan,installments,2024-06-11:1076.12|2024-07-12:1076.12|2024-08-12:1076.12,2024-07-15,none,"Use 3 installments of EUR 1,076.12, starting 11 June 2024. This leaves at least EUR 1,600.00 available."
request_125,6081.553333333333,affordable_with_plan,full_payment,2025-11-06:6468,2025-11-15,reduce_to:event_11602:223.30,"reduce the family dinner to ZAR 223.30, then pay ZAR 6,468 today. This leaves at least ZAR 11,300 available."
request_126,159600.0,affordable_now,full_payment,2026-07-03:159600,2026-07-03,none,"Pay INR 159,600 today. This leaves at least INR 129,700 available over the next 90 days."
request_127,8552.786666666674,affordable_later,wait,2024-10-15:23980,2024-10-15,none,"Pay ZAR 23,980 in full on 15 October 2024. Paying earlier would take the balance below the ZAR 41,000 minimum."
request_128,25168.0,affordable_now,full_payment,2025-02-07:25168,2025-02-07,none,"Pay ZAR 25,168 today. This leaves at least ZAR 42,600 available over the next 90 days."
request_129,158.89999999999998,not_affordable,not_recommended,none,,none,"Do not proceed with the USD 2,668.80 request. Although USD 158.90 is available today, the full amount cannot be completed safely within 90 days."
request_130,390.3466666666668,affordable_later,wait,2025-02-15:1978.80,2025-02-15,none,"Pay USD 1,978.80 in full on 15 February 2025. Paying earlier would take the balance below the USD 1,400.00 minimum."
request_131,1456.4733333333334,affordable_with_plan,installments,2025-05-06:643.14|2025-06-03:643.14|2025-07-01:643.14,2025-05-15,none,"Use 3 installments of USD 643.14, starting 6 May 2025. This leaves at least USD 1,100.00 available."
request_132,371.7366666666667,affordable_later,wait,2026-01-15:379.86,2026-01-15,none,"Pay USD 379.86 in full on 15 January 2026. Paying earlier would take the balance below the USD 1,100.00 minimum."
request_133,1383021.4633333348,not_affordable,not_recommended,none,,none,"Do not proceed with the IDR 15,770,000 request. Although IDR 1,383,021.46 is available today, the full amount cannot be completed safely within 90 days."
request_134,5447964.09,affordable_later,wait,2025-10-15:21831000,2025-10-15,none,"Pay IDR 21,831,000 in full on 15 October 2025. Paying earlier would take the balance below the IDR 15,902,500 minimum."
request_135,304.8,affordable_now,full_payment,2026-07-06:304.80,2026-07-06,none,Pay USD 304.80 today. This leaves at least USD 500.00 available over the next 90 days.
request_136,560.4,affordable_now,full_payment,2024-06-03:560.40,2024-06-03,none,"Pay USD 560.40 today. This leaves at least USD 1,100.00 available over the next 90 days."
request_137,34577.12666666666,affordable_later,wait,2026-01-15:80100,2026-01-15,none,"Pay INR 80,100 in full on 15 January 2026. Paying earlier would take the balance below the INR 71,800 minimum."
request_138,975.7466666666669,affordable_with_plan,installments,2026-04-07:435.74|2026-05-05:435.74|2026-06-02:435.74,2026-04-15,none,"Use 3 installments of EUR 435.74, starting 7 April 2026. This leaves at least EUR 2,300.00 available."
request_139,1433.9866666666667,affordable_with_plan,installments,2024-09-07:802.88|2024-10-08:802.88|2024-11-08:802.88,2024-10-15,none,"Use 3 installments of USD 802.88, starting 7 September 2024. This leaves at least USD 1,500.00 available."
request_140,1499.9766666666656,not_affordable,not_recommended,none,,none,"Do not proceed with the ZAR 62,832 request. Although ZAR 1,499.98 is available today, the full amount cannot be completed safely within 90 days."
request_141,29778.703333333324,not_affordable,not_recommended,none,,none,"Do not proceed with the INR 171,600 request. Although INR 29,778.70 is available today, the full amount cannot be completed safely within 90 days."
request_142,1263.6,affordable_now,full_payment,2024-12-05:1263.60,2024-12-05,none,"Pay USD 1,263.60 today. This leaves at least USD 1,700.00 available over the next 90 days."
request_143,2575.4633333333313,affordable_later,wait,2025-07-15:12584,2025-07-15,none,"Pay ZAR 12,584 in full on 15 July 2025. Paying earlier would take the balance below the ZAR 11,300 minimum."
request_144,231.86,affordable_with_plan,full_payment,2026-07-04:233.34,2026-08-15,stop:event_13239,"Stop the audio streaming plan, then pay USD 233.34 today. This leaves at least USD 600.00 available."
request_145,38418.20333333331,affordable_with_plan,installments,2024-03-20:75365.33|2024-04-20:75365.33|2024-05-21:75365.33,2024-03-15,none,"Use 3 installments of INR 75,365.33, starting 20 March 2024. This leaves at least INR 155,400 available."
request_146,26381.070000000007,not_affordable,not_recommended,none,,none,"Do not proceed with the INR 449,400 request. Although INR 26,381.07 is available today, the full amount cannot be completed safely within 90 days."
request_147,550.2199999999998,affordable_with_plan,installments,2026-04-08:391.63|2026-05-08:391.63|2026-06-07:391.63,2026-04-15,none,"Use 3 installments of EUR 391.63, starting 8 April 2026. This leaves at least EUR 900.00 available."
request_148,7201.416666666668,not_affordable,not_recommended,none,2024-07-15,none,"Do not proceed with the ZAR 22,242 request. Although ZAR 7,201.42 is available today, the full amount cannot be completed safely within 90 days."
request_149,26490.71666666666,affordable_with_plan,installments,2025-11-18:12706.03|2025-12-16:12706.03|2026-01-13:12706.03,2025-11-15,none,"Use 3 installments of ZAR 12,706.03, starting 18 November 2025. This leaves at least ZAR 42,100 available."
request_150,376.6800000000003,affordable_with_plan,installments,2026-01-06:171.98|2026-02-05:171.98|2026-03-07:171.98,2026-01-15,none,"Use 3 installments of EUR 171.98, starting 6 January 2026. This leaves at least EUR 700.00 available."
request_151,26999000.0,affordable_now,full_payment,2024-09-03:26999000,2024-09-03,none,"Pay IDR 26,999,000 today. This leaves at least IDR 31,633,600 available over the next 90 days."
request_152,11078.22666666667,not_affordable,not_recommended,none,2025-04-15,none,"Do not proceed with the ZAR 13,882 request. Although ZAR 11,078.23 is available today, the full amount cannot be completed safely within 90 days."
request_153,224.89666666666653,not_affordable,not_recommended,none,,none,"Do not proceed with the USD 2,830.80 request. Although USD 224.90 is available today, the full amount cannot be completed safely within 90 days."
request_154,1625.8,affordable_with_plan,installments,2024-12-04:563.61|2025-01-04:563.61|2025-02-04:563.61,2024-12-04,none,"Use 3 installments of EUR 563.61, starting 4 December 2024. This leaves at least EUR 1,300.00 available."
request_155,112500.0,affordable_now,full_payment,2025-05-06:112500,2025-05-06,none,"Pay INR 112,500 today. This leaves at least INR 56,300 available over the next 90 days."
request_156,11129.440000000002,affordable_later,wait,2026-05-15:43076,2026-05-15,none,"Pay ZAR 43,076 in full on 15 May 2026. Paying earlier would take the balance below the ZAR 26,900 minimum."
request_157,5378835.153333332,affordable_later,wait,2024-05-15:23503000,2024-05-15,none,"Pay IDR 23,503,000 in full on 15 May 2024. Paying earlier would take the balance below the IDR 15,714,100 minimum."
request_158,242600.0,affordable_with_plan,installments,2025-08-07:84101.33|2025-09-04:84101.33|2025-10-02:84101.33,2025-08-07,none,"Use 3 installments of INR 84,101.33, starting 7 August 2025. This leaves at least INR 131,400 available."
request_159,13398.0,affordable_now,full_payment,2026-01-04:13398,2026-01-04,none,"Pay ZAR 13,398 today. This leaves at least ZAR 8,700 available over the next 90 days."
request_160,571.5466666666669,affordable_with_plan,installments,2024-06-13:432.05|2024-07-14:432.05|2024-08-14:432.05,2024-07-15,none,"Use 3 installments of EUR 432.05, starting 13 June 2024. This leaves at least EUR 1,200.00 available."
request_161,0.0,not_affordable,not_recommended,none,,none,"Do not make this payment by 15 January 2026. None of the available options keeps the IDR 23,010,400 minimum protected."
request_162,2417210.616666667,not_affordable,not_recommended,none,,none,"Do not proceed with the IDR 83,923,000 request. Although IDR 2,417,210.62 is available today, the full amount cannot be completed safely within 90 days."
request_163,9082767.873333327,not_affordable,not_recommended,none,2024-11-15,none,"Do not proceed with the IDR 19,304,000 request. Although IDR 9,082,767.87 is available today, the full amount cannot be completed safely within 90 days."
request_164,27018000.0,affordable_with_plan,installments,2025-02-11:9366240|2025-03-11:9366240|2025-04-08:9366240,2025-02-04,none,"Use 3 installments of IDR 9,366,240, starting 11 February 2025. This leaves at least IDR 29,550,500 available."
request_165,80600.0,affordable_now,full_payment,2026-04-06:80600,2026-04-06,none,"Pay INR 80,600 today. This leaves at least INR 95,000 available over the next 90 days."
request_166,2907.6,affordable_with_plan,installments,2024-12-03:1007.97|2025-01-03:1007.97|2025-02-03:1007.97,2024-12-03,none,"Use 3 installments of USD 1,007.97, starting 3 December 2024. This leaves at least USD 1,700.00 available."
request_167,43802.0,affordable_now,full_payment,2025-05-05:43802,2025-05-05,none,"Pay ZAR 43,802 today. This leaves at least ZAR 31,200 available over the next 90 days."
request_168,40399.62666666668,not_affordable,not_recommended,none,,none,"Do not proceed with the INR 49,380 request. Although INR 40,399.63 is available today, the full amount cannot be completed safely within 90 days."
request_169,41976.0,affordable_now,full_payment,2024-03-04:41976,2024-03-04,none,"Pay ZAR 41,976 today. This leaves at least ZAR 18,700 available over the next 90 days."
request_170,29909899.879999995,affordable_with_plan,installments,2025-08-06:12804480|2025-09-03:12804480|2025-10-01:12804480,2025-09-15,none,"Use 3 installments of IDR 12,804,480, starting 6 August 2025. This leaves at least IDR 24,715,800 available."
request_171,68.34333333333325,not_affordable,not_recommended,none,,none,"Do not proceed with the EUR 1,878.80 request. Although EUR 68.34 is available today, the full amount cannot be completed safely within 90 days."
request_172,10200.0,affordable_with_plan,installments,2024-06-05:5304|2024-07-03:5304,2024-06-05,none,"Use 2 installments of ZAR 5,304, starting 5 June 2024. This leaves at least ZAR 27,200 available."
request_173,57312.21333333335,affordable_with_plan,installments,2025-11-21:39173.33|2025-12-19:39173.33|2026-01-16:39173.33,2026-01-15,none,"Use 3 installments of INR 39,173.33, starting 21 November 2025. This leaves at least INR 79,100 available."
request_174,1146.2,affordable_with_plan,installments,2026-04-04:397.35|2026-05-04:397.35|2026-06-03:397.35,2026-04-04,none,"Use 3 installments of EUR 397.35, starting 4 April 2026. This leaves at least EUR 700.00 available."
request_175,2346.3,affordable_now,full_payment,2024-09-06:2346.30,2024-09-06,none,"Pay EUR 2,346.30 today. This leaves at least EUR 1,700.00 available over the next 90 days."
request_176,409.59000000000015,not_affordable,not_recommended,none,,none,"Do not proceed with the EUR 1,239.70 request. Although EUR 409.59 is available today, the full amount cannot be completed safely within 90 days."
request_177,963.1599999999999,affordable_with_plan,full_payment,2026-01-05:1017.60,,reduce_to:event_16317:32.00,"reduce the takeaway order to USD 32.00, then pay USD 1,017.60 today. This leaves at least USD 1,300.00 available."
request_178,2938.1,affordable_with_plan,installments,2024-12-07:1018.54|2025-01-07:1018.54|2025-02-07:1018.54,2024-12-07,none,"Use 3 installments of EUR 1,018.54, starting 7 December 2024. This leaves at least EUR 1,400.00 available."
request_179,6263157.739999987,affordable_later,wait,2025-07-15:41648000,2025-07-15,none,"Pay IDR 41,648,000 in full on 15 July 2025. Paying earlier would take the balance below the IDR 41,430,800 minimum."
request_180,66500.0,affordable_now,full_payment,2026-07-06:66500,2026-07-06,none,"Pay INR 66,500 today. This leaves at least INR 37,300 available over the next 90 days."
request_181,679.3599999999997,not_affordable,not_recommended,none,,none,"Do not proceed with the USD 5,059.20 request. Although USD 679.36 is available today, the full amount cannot be completed safely within 90 days."
request_182,65714.0,affordable_now,full_payment,2025-08-05:65714,2025-08-05,none,"Pay ZAR 65,714 today. This leaves at least ZAR 31,100 available over the next 90 days."
request_183,24430143.79333333,affordable_with_plan,installments,2026-04-10:9313546.67|2026-05-10:9313546.67|2026-06-09:9313546.67,2026-04-15,none,"Use 3 installments of IDR 9,313,546.67, starting 10 April 2026. This leaves at least IDR 11,878,300 available."
request_184,15254.983333333323,not_affordable,not_recommended,none,,none,"Do not proceed with the INR 251,900 request. Although INR 15,254.98 is available today, the full amount cannot be completed safely within 90 days."
request_185,375.90666666666675,affordable_later,wait,2026-01-15:1257.30,2026-01-15,none,"Pay EUR 1,257.30 in full on 15 January 2026. Paying earlier would take the balance below the EUR 1,300.00 minimum."
request_186,2423.353333333347,not_affordable,not_recommended,none,,none,"Do not proceed with the ZAR 26,554 request. Although ZAR 2,423.35 is available today, the full amount cannot be completed safely within 90 days."
request_187,37760.67333333334,affordable_later,wait,2024-11-15:187500,2024-11-15,none,"Pay INR 187,500 in full on 15 November 2024. Paying earlier would take the balance below the INR 128,300 minimum."
request_188,67.21666666666545,not_affordable,not_recommended,none,,none,"Do not proceed with the EUR 2,464.00 request. Although EUR 67.22 is available today, the full amount cannot be completed safely within 90 days."
request_189,488.4,affordable_now,full_payment,2026-07-04:488.40,2026-07-04,none,Pay EUR 488.40 today. This leaves at least EUR 400.00 available over the next 90 days.
request_190,562.4266666666672,affordable_later,wait,2025-02-15:2557.50,2025-02-15,none,"Pay EUR 2,557.50 in full on 15 February 2025. Paying earlier would take the balance below the EUR 1,600.00 minimum."
request_191,664.4,affordable_now,full_payment,2025-05-03:664.40,2025-05-03,none,Pay EUR 664.40 today. This leaves at least EUR 500.00 available over the next 90 days.
request_192,204.25666666666666,not_affordable,not_recommended,none,,none,"Do not proceed with the USD 2,046.00 request. Although USD 204.26 is available today, the full amount cannot be completed safely within 90 days."
request_193,31.64666666666676,affordable_with_plan,installments,2024-03-21:420.23|2024-04-21:420.23|2024-05-22:420.23,2024-05-15,none,"Use 3 installments of EUR 420.23, starting 21 March 2024. This leaves at least EUR 1,000.00 available."
request_194,49794.82999999999,affordable_later,wait,2025-08-15:132800,2025-08-15,none,"Pay INR 132,800 in full on 15 August 2025. Paying earlier would take the balance below the INR 113,600 minimum."
request_195,1074.8733333333332,affordable_with_plan,installments,2026-01-09:405.74|2026-02-08:405.74|2026-03-10:405.74,2026-01-15,none,"Use 3 installments of EUR 405.74, starting 9 January 2026. This leaves at least EUR 700.00 available."
request_196,762.3,affordable_now,full_payment,2024-06-03:762.30,2024-06-03,none,Pay EUR 762.30 today. This leaves at least EUR 500.00 available over the next 90 days.
request_197,0.0,not_affordable,not_recommended,none,,none,"Do not make this payment by 21 January 2026. None of the available options keeps the IDR 26,245,900 minimum protected."
request_198,185800.0,affordable_now,full_payment,2026-07-07:185800,2026-07-07,none,"Pay INR 185,800 today. This leaves at least INR 124,300 available over the next 90 days."
request_199,23674000.0,affordable_with_plan,installments,2024-09-07:8206986.67|2024-10-08:8206986.67|2024-11-08:8206986.67,2024-09-04,none,"Use 3 installments of IDR 8,206,986.67, starting 7 September 2024. This leaves at least IDR 25,359,500 available."
request_200,21717000.0,affordable_now,full_payment,2025-02-06:21717000,2025-02-06,none,"Pay IDR 21,717,000 today. This leaves at least IDR 20,114,600 available over the next 90 days."
request_201,23997000.0,affordable_now,full_payment,2026-04-03:23997000,2026-04-03,none,"Pay IDR 23,997,000 today. This leaves at least IDR 17,304,500 available over the next 90 days."
request_202,123900.0,affordable_now,full_payment,2024-12-05:123900,2024-12-05,none,"Pay INR 123,900 today. This leaves at least INR 147,800 available over the next 90 days."
request_203,1442.1,affordable_with_plan,installments,2025-05-10:499.93|2025-06-07:499.93|2025-07-05:499.93,2025-05-07,none,"Use 3 installments of EUR 499.93, starting 10 May 2025. This leaves at least EUR 1,400.00 available."
request_204,579.3600000000008,affordable_later,wait,2026-01-15:588.74,2026-01-15,none,"Pay EUR 588.74 in full on 15 January 2026. Paying earlier would take the balance below the EUR 1,300.00 minimum."
request_205,10621000.0,affordable_now,full_payment,2024-03-06:10621000,2024-03-06,none,"Pay IDR 10,621,000 today. This leaves at least IDR 13,994,300 available over the next 90 days."
request_206,1404.7,affordable_with_plan,installments,2025-08-03:486.96|2025-08-31:486.96|2025-09-28:486.96,2025-08-03,none,"Use 3 installments of EUR 486.96, starting 3 August 2025. This leaves at least EUR 900.00 available."
request_207,5902.109999999997,affordable_later,wait,2026-07-15:11830,2026-07-15,none,"Pay ZAR 11,830 in full on 15 July 2026. Paying earlier would take the balance below the ZAR 13,600 minimum."
request_208,3732621.2699999996,affordable_later,wait,2024-06-15:4413000,2024-06-15,none,"Pay IDR 4,413,000 in full on 15 June 2024. Paying earlier would take the balance below the IDR 10,470,700 minimum."
request_209,3022.2333333333336,not_affordable,not_recommended,none,,none,"Do not proceed with the ZAR 56,914 request. Although ZAR 3,022.23 is available today, the full amount cannot be completed safely within 90 days."
request_210,1133.9499999999998,affordable_with_plan,installments,2026-04-06:471.48|2026-05-04:471.48|2026-06-01:471.48,2026-04-15,none,"Use 3 installments of USD 471.48, starting 6 April 2026. This leaves at least USD 2,000.00 available."
request_211,296.7799999999995,affordable_later,wait,2024-11-15:1788.60,2024-11-15,none,"Pay EUR 1,788.60 in full on 15 November 2024. Paying earlier would take the balance below the EUR 1,500.00 minimum."
request_212,9485166.903333336,not_affordable,not_recommended,none,2025-03-15,none,"Do not proceed with the IDR 71,934,000 request. Although IDR 9,485,166.90 is available today, the full amount cannot be completed safely within 90 days."
request_213,3362.4,affordable_with_plan,installments,2026-01-21:1165.63|2026-02-20:1165.63|2026-03-22:1165.63,2026-01-07,none,"Use 3 installments of USD 1,165.63, starting 21 January 2026. This leaves at least USD 2,100.00 available."
request_214,53651.99333333332,affordable_with_plan,installments,2024-12-04:36270|2025-01-01:36270,2024-12-15,none,"Use 2 installments of INR 36,270, starting 4 December 2024. This leaves at least INR 174,900 available."
request_215,29986.0,affordable_with_plan,installments,2025-05-09:10395.15|2025-06-06:10395.15|2025-07-04:10395.15,2025-05-06,none,"Use 3 installments of ZAR 10,395.15, starting 9 May 2025. This leaves at least ZAR 15,700 available."
request_216,586.8266666666668,affordable_later,wait,2026-09-15:3332.40,2026-09-15,none,"Pay USD 3,332.40 in full on 15 September 2026. Paying earlier would take the balance below the USD 1,800.00 minimum."
request_217,20629.373333333322,affordable_with_plan,installments,2024-03-19:12889.07|2024-04-19:12889.07|2024-05-20:12889.07,2024-05-15,none,"Use 3 installments of ZAR 12,889.07, starting 19 March 2024. This leaves at least ZAR 26,800 available."
request_218,26332000.143333323,affordable_with_plan,installments,2025-08-07:21195893.33|2025-09-04:21195893.33|2025-10-02:21195893.33,2025-09-15,none,"Use 3 installments of IDR 21,195,893.33, starting 7 August 2025. This leaves at least IDR 34,477,200 available."
request_219,780.7800000000004,affordable_with_plan,installments,2026-04-07:580.01|2026-05-07:580.01|2026-06-06:580.01,2026-05-15,none,"Use 3 installments of EUR 580.01, starting 7 April 2026. This leaves at least EUR 1,100.00 available."
request_220,56.73000000000002,not_affordable,not_recommended,none,,none,"Do not proceed with the EUR 3,118.50 request. Although EUR 56.73 is available today, the full amount cannot be completed safely within 90 days."
request_221,109800.0,affordable_now,full_payment,2025-11-03:109800,2025-11-03,none,"Pay INR 109,800 today. This leaves at least INR 81,500 available over the next 90 days."
request_222,34078.0,affordable_now,full_payment,2026-01-05:34078,2026-01-05,none,"Pay ZAR 34,078 today. This leaves at least ZAR 27,300 available over the next 90 days."
request_223,898.7,affordable_now,full_payment,2024-09-07:898.70,2024-09-07,none,Pay EUR 898.70 today. This leaves at least EUR 800.00 available over the next 90 days.
request_224,9649339.799999997,affordable_with_plan,installments,2025-02-04:5370040|2025-03-04:5370040,2025-02-15,none,"Use 2 installments of IDR 5,370,040, starting 4 February 2025. This leaves at least IDR 22,187,600 available."
request_225,11718050.74333334,affordable_with_plan,installments,2026-07-20:7647120|2026-08-19:7647120|2026-09-18:7647120,2026-08-15,none,"Use 3 installments of IDR 7,647,120, starting 20 July 2026. This leaves at least IDR 17,670,700 available."
request_226,157000.0,affordable_now,full_payment,2024-12-03:157000,2024-12-03,none,"Pay INR 157,000 today. This leaves at least INR 209,400 available over the next 90 days."
request_227,10377.339999999997,not_affordable,not_recommended,none,,none,"Do not proceed with the INR 259,700 request. Although INR 10,377.34 is available today, the full amount cannot be completed safely within 90 days."
request_228,1175630.3733333312,not_affordable,not_recommended,none,,none,"Do not proceed with the IDR 63,327,000 request. Although IDR 1,175,630.37 is available today, the full amount cannot be completed safely within 90 days."
request_229,557.7266666666667,affordable_with_plan,installments,2024-03-18:529.29|2024-04-18:529.29|2024-05-19:529.29,2024-05-15,none,"Use 3 installments of EUR 529.29, starting 18 March 2024. This leaves at least EUR 1,000.00 available."
request_230,3537.6,affordable_now,full_payment,2025-08-06:3537.60,2025-08-06,none,"Pay EUR 3,537.60 today. This leaves at least EUR 2,000.00 available over the next 90 days."
request_231,31999.653333333335,affordable_with_plan,installments,2026-01-06:12378.08|2026-02-05:12378.08|2026-03-07:12378.08,2026-01-15,none,"Use 3 installments of ZAR 12,378.08, starting 6 January 2026. This leaves at least ZAR 24,300 available."
request_232,514.0000000000018,not_affordable,not_recommended,none,,none,"Do not proceed with the EUR 1,970.10 request. Although EUR 514.00 is available today, the full amount cannot be completed safely within 90 days."
request_233,0.0,not_affordable,not_recommended,none,,none,"Do not make this payment by 17 December 2025. None of the available options keeps the IDR 10,365,700 minimum protected."
request_234,266.60333333333347,affordable_later,wait,2026-08-15:1213.30,2026-08-15,none,"Pay EUR 1,213.30 in full on 15 August 2026. Paying earlier would take the balance below the EUR 700.00 minimum."
request_235,967.2,affordable_now,full_payment,2024-09-06:967.20,2024-09-06,none,Pay USD 967.20 today. This leaves at least USD 700.00 available over the next 90 days.
request_236,7524621.126666665,not_affordable,not_recommended,none,,none,"Do not proceed with the IDR 52,383,000 request. Although IDR 7,524,621.13 is available today, the full amount cannot be completed safely within 90 days."
request_237,23826000.0,affordable_now,full_payment,2026-04-05:23826000,2026-04-05,none,"Pay IDR 23,826,000 today. This leaves at least IDR 22,431,500 available over the next 90 days."
request_238,663.6,affordable_with_plan,installments,2024-12-07:230.05|2025-01-07:230.05|2025-02-07:230.05,2024-12-07,none,"Use 3 installments of USD 230.05, starting 7 December 2024. This leaves at least USD 700.00 available."
request_239,642.0,affordable_now,full_payment,2025-05-04:642.00,2025-05-04,none,Pay USD 642.00 today. This leaves at least USD 600.00 available over the next 90 days.
request_240,14154.573333333334,not_affordable,not_recommended,none,,none,"Do not proceed with the INR 101,200 request. Although INR 14,154.57 is available today, the full amount cannot be completed safely within 90 days."
request_241,21052000.0,affordable_with_plan,installments,2024-03-17:7298026.67|2024-04-17:7298026.67|2024-05-18:7298026.67,2024-03-03,none,"Use 3 installments of IDR 7,298,026.67, starting 17 March 2024. This leaves at least IDR 19,252,000 available."
request_242,24.403333333333535,not_affordable,not_recommended,none,,none,"Do not proceed with the EUR 1,966.80 request. Although EUR 24.40 is available today, the full amount cannot be completed safely within 90 days."
request_243,17468.0,affordable_now,full_payment,2026-07-07:17468,2026-07-07,none,"Pay ZAR 17,468 today. This leaves at least ZAR 19,900 available over the next 90 days."
request_244,49918.0,affordable_now,full_payment,2024-06-04:49918,2024-06-04,none,"Pay ZAR 49,918 today. This leaves at least ZAR 45,900 available over the next 90 days."
request_245,30186.553333333344,affordable_later,wait,2026-01-15:128500,2026-01-15,none,"Pay INR 128,500 in full on 15 January 2026. Paying earlier would take the balance below the INR 94,600 minimum."
request_246,64086.0,affordable_with_plan,installments,2026-04-03:22216.48|2026-05-03:22216.48|2026-06-02:22216.48,2026-04-03,none,"Use 3 installments of ZAR 22,216.48, starting 3 April 2026. This leaves at least ZAR 39,300 available."
request_247,1059.3,affordable_now,full_payment,2024-09-05:1059.30,2024-09-05,none,"Pay EUR 1,059.30 today. This leaves at least EUR 1,300.00 available over the next 90 days."
request_248,1059.3,affordable_with_plan,partial_payment,2025-02-07:1059.30|2025-03-15:906.30,2025-03-15,none,"Pay USD 1,059.30 today and the remaining USD 906.30 on 15 March 2025. This completes the full request and keeps the USD 1,300.00 minimum protected."
request_249,186.37666666666655,not_affordable,not_recommended,none,,none,"Do not proceed with the USD 643.20 request. Although USD 186.38 is available today, the full amount cannot be completed safely within 90 days."
request_250,15733.176666666666,not_affordable,not_recommended,none,,none,"Do not proceed with the ZAR 124,278 request. Although ZAR 15,733.18 is available today, the full amount cannot be completed safely within 90 days."
request_251,1513.6,not_affordable,not_recommended,none,2025-05-03,none,"Do not make this payment by 6 June 2025. Although the full amount is financially safe today, no eligible payment method is accepted by the user."
request_252,6842289.446666669,affordable_later,wait,2026-08-15:28082000,2026-08-15,none,"Pay IDR 28,082,000 in full on 15 August 2026. Paying earlier would take the balance below the IDR 15,152,200 minimum."
request_253,1450.4300000000003,affordable_with_plan,installments,2024-03-21:984.60|2024-04-21:984.60|2024-05-22:984.60,2024-05-15,none,"Use 3 installments of EUR 984.60, starting 21 March 2024. This leaves at least EUR 2,300.00 available."
request_254,776.1100000000001,affordable_later,wait,2025-09-15:3535.20,2025-09-15,none,"Pay USD 3,535.20 in full on 15 September 2025. Paying earlier would take the balance below the USD 2,500.00 minimum."
request_255,3345000.0,affordable_now,full_payment,2026-04-06:3345000,2026-04-06,none,"Pay IDR 3,345,000 today. This leaves at least IDR 9,813,900 available over the next 90 days."
request_256,151000.40666666668,affordable_with_plan,installments,2024-06-10:75816|2024-07-11:75816|2024-08-11:75816,2024-07-15,none,"Use 3 installments of INR 75,816, starting 10 June 2024. This leaves at least INR 168,600 available."
request_257,412.3133333333328,affordable_later,wait,2026-01-15:1352.40,2026-01-15,none,"Pay USD 1,352.40 in full on 15 January 2026. Paying earlier would take the balance below the USD 1,600.00 minimum."
request_258,1113.6,affordable_now,full_payment,2026-01-07:1113.60,2026-01-07,none,"Pay USD 1,113.60 today. This leaves at least USD 500.00 available over the next 90 days."
request_259,247.9899999999999,affordable_later,wait,2024-11-15:935.00,2024-11-15,none,Pay EUR 935.00 in full on 15 November 2024. Paying earlier would take the balance below the EUR 600.00 minimum.
request_260,7511860.236666668,not_affordable,not_recommended,none,,none,"Do not proceed with the IDR 52,079,000 request. Although IDR 7,511,860.24 is available today, the full amount cannot be completed safely within 90 days."
request_261,1830.4,affordable_now,full_payment,2026-07-03:1830.40,2026-07-03,none,"Pay EUR 1,830.40 today. This leaves at least EUR 1,500.00 available over the next 90 days."
request_262,0.0,not_affordable,not_recommended,none,,none,"Do not make this payment by 24 January 2025. None of the available options keeps the IDR 31,018,500 minimum protected."
request_263,7995.0333333333365,not_affordable,not_recommended,none,,none,"Do not proceed with the ZAR 51,546 request. Although ZAR 7,995.03 is available today, the full amount cannot be completed safely within 90 days."
request_264,26499.76999999999,affordable_later,wait,2026-05-15:111300,2026-05-15,none,"Pay INR 111,300 in full on 15 May 2026. Paying earlier would take the balance below the INR 59,500 minimum."
request_265,36149.07666666643,affordable_with_plan,full_payment,2024-03-06:45970,,stop:event_24385,"Stop the community fitness plan, then pay INR 45,970 today. This leaves at least INR 189,700 available."
request_266,837.1333333333334,affordable_with_plan,installments,2025-08-03:324.13|2025-08-31:324.13|2025-09-28:324.13,2025-08-15,none,"Use 3 installments of EUR 324.13, starting 3 August 2025. This leaves at least EUR 900.00 available."
request_267,1728.6566666666668,affordable_with_plan,installments,2026-01-08:667.33|2026-02-07:667.33|2026-03-09:667.33,2026-01-15,none,"Use 3 installments of EUR 667.33, starting 8 January 2026. This leaves at least EUR 1,500.00 available."
request_268,1044.5100000000002,affordable_with_plan,installments,2024-06-14:841.22|2024-07-15:841.22|2024-08-15:841.22,2024-07-15,none,"Use 3 installments of EUR 841.22, starting 14 June 2024. This leaves at least EUR 1,400.00 available."
request_269,9891.120000000003,affordable_later,wait,2025-12-15:15490,2025-12-15,none,"Pay ZAR 15,490 in full on 15 December 2025. Paying earlier would take the balance below the ZAR 23,100 minimum."
request_270,181.27666666666687,not_affordable,not_recommended,none,2026-09-15,none,"Do not proceed with the USD 3,028.80 request. Although USD 181.28 is available today, the full amount cannot be completed safely within 90 days."
request_271,18197.536666666667,affordable_later,wait,2024-10-15:91300,2024-10-15,none,"Pay INR 91,300 in full on 15 October 2024. Paying earlier would take the balance below the INR 58,200 minimum."
request_272,5840060.996666666,affordable_with_plan,installments,2025-02-12:4709466.67|2025-03-12:4709466.67|2025-04-09:4709466.67,2025-03-15,none,"Use 3 installments of IDR 4,709,466.67, starting 12 February 2025. This leaves at least IDR 7,508,600 available."
request_273,10893186.713333335,affordable_with_plan,installments,2026-04-07:5498480|2026-05-05:5498480|2026-06-02:5498480,2026-04-15,none,"Use 3 installments of IDR 5,498,480, starting 7 April 2026. This leaves at least IDR 18,774,600 available."
request_274,2425.4366666666674,affordable_with_plan,installments,2024-12-04:940.75|2025-01-04:940.75|2025-02-04:940.75,2024-12-15,none,"Use 3 installments of EUR 940.75, starting 4 December 2024. This leaves at least EUR 1,800.00 available."
request_275,15884000.0,affordable_now,full_payment,2025-05-06:15884000,2025-05-06,none,"Pay IDR 15,884,000 today. This leaves at least IDR 12,760,100 available over the next 90 days."
